,EP_PLATFORM_ID,EP_PLATFORM_TYPE,EP_PLATFORM_CODE,EP_PLATFORM_LINK,TIME_QC (1),latitude (degrees_north),longitude (degrees_east),SLEV_QC (1),SLEV_DM,site_code,platform_code,platform_name,pi_name,area,author,source,contributor_name,contributor_url,data_assembly_center,institution_edmo_code,institution_references,institution,wmo_platform_code
0,8397,TG,AjaccioTG,http://www.emodnet-physics.eu/Map/spi.aspx?id=8397,1,41.9227,8.7629,1,\u0000,,AjaccioTG,Ajaccio,,Global Ocean,,land/onshore structure,,,Ifremer,540,,SHOM Service Hydrographique et Oceanographique de la Marine,
4161396,8397,TG,AjaccioTG,http://www.emodnet-physics.eu/Map/spi.aspx?id=8397,1,41.9227,8.7629,0,\u0000,,AjaccioTG,Ajaccio,,Global Ocean,,land/onshore structure,,,Ifremer,540,,SHOM Service Hydrographique et Oceanographique de la Marine,
4540215,8397,TG,AjaccioTG,http://www.emodnet-physics.eu/Map/spi.aspx?id=8397,1,41.9227,8.7629,4,\u0000,,AjaccioTG,Ajaccio,,Global Ocean,,land/onshore structure,,,Ifremer,540,,SHOM Service Hydrographique et Oceanographique de la Marine,
5056884,8397,TG,AjaccioTG,http://www.emodnet-physics.eu/Map/spi.aspx?id=8397,1,41.9227,8.7629,3,\u0000,,AjaccioTG,Ajaccio,,Global Ocean,,land/onshore structure,,,Ifremer,540,,SHOM Service Hydrographique et Oceanographique de la Marine,
5864277,8425,TG,ArcachonEyracTG,http://www.emodnet-physics.eu/Map/spi.aspx?id=8425,1,44.665,-1.1635,1,\u0000,,ArcachonEyracTG,Arcachon-Eyrac,,Global Ocean,,land/onshore structure,,,Ifremer,540,,SHOM Service Hydrographique et Oceanographique de la Marine,
9814002,8425,TG,ArcachonEyracTG,http://www.emodnet-physics.eu/Map/spi.aspx?id=8425,1,44.665,-1.1635,0,\u0000,,ArcachonEyracTG,Arcachon-Eyrac,,Global Ocean,,land/onshore structure,,,Ifremer,540,,SHOM Service Hydrographique et Oceanographique de la Marine,
10188624,8425,TG,ArcachonEyracTG,http://www.emodnet-physics.eu/Map/spi.aspx?id=8425,1,44.665,-1.1635,4,\u0000,,ArcachonEyracTG,Arcachon-Eyrac,,Global Ocean,,land/onshore structure,,,Ifremer,540,,SHOM Service Hydrographique et Oceanographique de la Marine,
10544698,8425,TG,ArcachonEyracTG,http://www.emodnet-physics.eu/Map/spi.aspx?id=8425,1,44.665,-1.1635,3,\u0000,,ArcachonEyracTG,Arcachon-Eyrac,,Global Ocean,,land/onshore structure,,,Ifremer,540,,SHOM Service Hydrographique et Oceanographique de la Marine,
11550389,371096,TG,AudierneTG,http://www.emodnet-physics.eu/Map/spi.aspx?id=371096,1,48.02155,-4.53758,1,\u0000,,AudierneTG,Audierne,,Global Ocean,,land/onshore structure,,,Ifremer,540,,SHOM Service Hydrographique et Oceanographique de la Marine,
12006635,371096,TG,AudierneTG,http://www.emodnet-physics.eu/Map/spi.aspx?id=371096,1,48.02155,-4.53758,0,\u0000,,AudierneTG,Audierne,,Global Ocean,,land/onshore structure,,,Ifremer,540,,SHOM Service Hydrographique et Oceanographique de la Marine,
12159819,371096,TG,AudierneTG,http://www.emodnet-physics.eu/Map/spi.aspx?id=371096,1,48.02155,-4.53758,3,\u0000,,AudierneTG,Audierne,,Global Ocean,,land/onshore structure,,,Ifremer,540,,SHOM Service Hydrographique et Oceanographique de la Marine,
12159825,371096,TG,AudierneTG,http://www.emodnet-physics.eu/Map/spi.aspx?id=371096,1,48.02155,-4.53758,4,\u0000,,AudierneTG,Audierne,,Global Ocean,,land/onshore structure,,,Ifremer,540,,SHOM Service Hydrographique et Oceanographique de la Marine,
13443083,638729,TG,BaliseARouenTG,http://www.emodnet-physics.eu/Map/spi.aspx?id=638729,1,49.43183,0.11067,1,\u0000,,BaliseARouenTG,Balise A,,Global Ocean,,land/onshore structure,,,Ifremer,540,,SHOM Service Hydrographique et Oceanographique de la Marine,
13443197,8447,TG,BayonneBoucauTG,http://www.emodnet-physics.eu/Map/spi.aspx?id=8447,1,43.5273,-1.5154,1,\u0000,,BayonneBoucauTG,Boucau-Bayonne,,Global Ocean,,land/onshore structure,,,Ifremer,540,,SHOM Service Hydrographique et Oceanographique de la Marine,
16747834,8447,TG,BayonneBoucauTG,http://www.emodnet-physics.eu/Map/spi.aspx?id=8447,1,43.5273,-1.5154,0,\u0000,,BayonneBoucauTG,Boucau-Bayonne,,Global Ocean,,land/onshore structure,,,Ifremer,540,,SHOM Service Hydrographique et Oceanographique de la Marine,
17180249,8447,TG,BayonneBoucauTG,http://www.emodnet-physics.eu/Map/spi.aspx?id=8447,1,43.5273,-1.5154,4,\u0000,,BayonneBoucauTG,Boucau-Bayonne,,Global Ocean,,land/onshore structure,,,Ifremer,540,,SHOM Service Hydrographique et Oceanographique de la Marine,
17687590,8447,TG,BayonneBoucauTG,http://www.emodnet-physics.eu/Map/spi.aspx?id=8447,1,43.5273,-1.5154,3,\u0000,,BayonneBoucauTG,Boucau-Bayonne,,Global Ocean,,land/onshore structure,,,Ifremer,540,,SHOM Service Hydrographique et Oceanographique de la Marine,
18487753,368624,TG,BordeauxTG,http://www.emodnet-physics.eu/Map/spi.aspx?id=368624,1,44.86,-0.5528,1,\u0000,,BordeauxTG,Bordeaux,,Global Ocean,,land/onshore structure,,,Ifremer,540,,SHOM Service Hydrographique et Oceanographique de la Marine,
18604641,368624,TG,BordeauxTG,http://www.emodnet-physics.eu/Map/spi.aspx?id=368624,1,44.86,-0.5528,0,\u0000,,BordeauxTG,Bordeaux,,Global Ocean,,land/onshore structure,,,Ifremer,540,,SHOM Service Hydrographique et Oceanographique de la Marine,
18622220,368624,TG,BordeauxTG,http://www.emodnet-physics.eu/Map/spi.aspx?id=368624,1,44.86,-0.5528,4,\u0000,,BordeauxTG,Bordeaux,,Global Ocean,,land/onshore structure,,,Ifremer,540,,SHOM Service Hydrographique et Oceanographique de la Marine,
19252111,368624,TG,BordeauxTG,http://www.emodnet-physics.eu/Map/spi.aspx?id=368624,1,44.86,-0.5528,3,\u0000,,BordeauxTG,Bordeaux,,Global Ocean,,land/onshore structure,,,Ifremer,540,,SHOM Service Hydrographique et Oceanographique de la Marine,
20003078,8459,TG,BoulogneSurMerTG,http://www.emodnet-physics.eu/Map/spi.aspx?id=8459,1,50.7275,1.5774,1,\u0000,,BoulogneSurMerTG,Boulogne-Sur-Mer,,Global Ocean,,land/onshore structure,,,Ifremer,540,,SHOM Service Hydrographique et Oceanographique de la Marine,
24275405,8459,TG,BoulogneSurMerTG,http://www.emodnet-physics.eu/Map/spi.aspx?id=8459,1,50.7275,1.5774,0,\u0000,,BoulogneSurMerTG,Boulogne-Sur-Mer,,Global Ocean,,land/onshore structure,,,Ifremer,540,,SHOM Service Hydrographique et Oceanographique de la Marine,
24616952,8459,TG,BoulogneSurMerTG,http://www.emodnet-physics.eu/Map/spi.aspx?id=8459,1,50.7275,1.5774,3,\u0000,,BoulogneSurMerTG,Boulogne-Sur-Mer,,Global Ocean,,land/onshore structure,,,Ifremer,540,,SHOM Service Hydrographique et Oceanographique de la Marine,
25064503,8459,TG,BoulogneSurMerTG,http://www.emodnet-physics.eu/Map/spi.aspx?id=8459,1,50.7275,1.5774,4,\u0000,,BoulogneSurMerTG,Boulogne-Sur-Mer,,Global Ocean,,land/onshore structure,,,Ifremer,540,,SHOM Service Hydrographique et Oceanographique de la Marine,
25725234,8467,TG,BrestTG,http://www.emodnet-physics.eu/Map/spi.aspx?id=8467,1,48.3829,-4.4951,1,\u0000,,BrestTG,Brest,,Global Ocean,,land/onshore structure,,,Ifremer,540,,SHOM Service Hydrographique et Oceanographique de la Marine,
25739595,8467,TG,BrestTG,http://www.emodnet-physics.eu/Map/spi.aspx?id=8467,1,48.3829,-4.4951,0,\u0000,,BrestTG,Brest,,Global Ocean,,land/onshore structure,,,Ifremer,540,,SHOM Service Hydrographique et Oceanographique de la Marine,
30728069,8467,TG,BrestTG,http://www.emodnet-physics.eu/Map/spi.aspx?id=8467,1,48.3829,-4.4951,4,\u0000,,BrestTG,Brest,,Global Ocean,,land/onshore structure,,,Ifremer,540,,SHOM Service Hydrographique et Oceanographique de la Marine,
31133850,8467,TG,BrestTG,http://www.emodnet-physics.eu/Map/spi.aspx?id=8467,1,48.3829,-4.4951,3,\u0000,,BrestTG,Brest,,Global Ocean,,land/onshore structure,,,Ifremer,540,,SHOM Service Hydrographique et Oceanographique de la Marine,
31970981,8480,TG,CalaisTG,http://www.emodnet-physics.eu/Map/spi.aspx?id=8480,1,50.9695,1.8677,1,\u0000,,CalaisTG,Calais,,Global Ocean,,land/onshore structure,,,Ifremer,540,,SHOM Service Hydrographique et Oceanographique de la Marine,
35977222,8480,TG,CalaisTG,http://www.emodnet-physics.eu/Map/spi.aspx?id=8480,1,50.9695,1.8677,0,\u0000,,CalaisTG,Calais,,Global Ocean,,land/onshore structure,,,Ifremer,540,,SHOM Service Hydrographique et Oceanographique de la Marine,
36345337,8480,TG,CalaisTG,http://www.emodnet-physics.eu/Map/spi.aspx?id=8480,1,50.9695,1.8677,4,\u0000,,CalaisTG,Calais,,Global Ocean,,land/onshore structure,,,Ifremer,540,,SHOM Service Hydrographique et Oceanographique de la Marine,
36503459,8480,TG,CalaisTG,http://www.emodnet-physics.eu/Map/spi.aspx?id=8480,1,50.9695,1.8677,3,\u0000,,CalaisTG,Calais,,Global Ocean,,land/onshore structure,,,Ifremer,540,,SHOM Service Hydrographique et Oceanographique de la Marine,
37626096,8484,TG,CenturiTG,http://www.emodnet-physics.eu/Map/spi.aspx?id=8484,1,42.96578,9.34983,1,\u0000,,CenturiTG,Centuri,,Global Ocean,,land/onshore structure,,,Ifremer,540,,SHOM Service Hydrographique et Oceanographique de la Marine,
40929874,8484,TG,CenturiTG,http://www.emodnet-physics.eu/Map/spi.aspx?id=8484,1,42.96578,9.34983,0,\u0000,,CenturiTG,Centuri,,Global Ocean,,land/onshore structure,,,Ifremer,540,,SHOM Service Hydrographique et Oceanographique de la Marine,
41000401,8484,TG,CenturiTG,http://www.emodnet-physics.eu/Map/spi.aspx?id=8484,1,42.96578,9.34983,4,\u0000,,CenturiTG,Centuri,,Global Ocean,,land/onshore structure,,,Ifremer,540,,SHOM Service Hydrographique et Oceanographique de la Marine,
41057627,8484,TG,CenturiTG,http://www.emodnet-physics.eu/Map/spi.aspx?id=8484,1,42.96578,9.34983,3,\u0000,,CenturiTG,Centuri,,Global Ocean,,land/onshore structure,,,Ifremer,540,,SHOM Service Hydrographique et Oceanographique de la Marine,
41773481,8488,TG,CherbourgTG,http://www.emodnet-physics.eu/Map/spi.aspx?id=8488,1,49.6513,-1.6355,1,\u0000,,CherbourgTG,Cherbourg,,Global Ocean,,land/onshore structure,,,Ifremer,540,,SHOM Service Hydrographique et Oceanographique de la Marine,
46082152,8488,TG,CherbourgTG,http://www.emodnet-physics.eu/Map/spi.aspx?id=8488,1,49.6513,-1.6355,0,\u0000,,CherbourgTG,Cherbourg,,Global Ocean,,land/onshore structure,,,Ifremer,540,,SHOM Service Hydrographique et Oceanographique de la Marine,
47069985,8488,TG,CherbourgTG,http://www.emodnet-physics.eu/Map/spi.aspx?id=8488,1,49.6513,-1.6355,3,\u0000,,CherbourgTG,Cherbourg,,Global Ocean,,land/onshore structure,,,Ifremer,540,,SHOM Service Hydrographique et Oceanographique de la Marine,
47451568,8488,TG,CherbourgTG,http://www.emodnet-physics.eu/Map/spi.aspx?id=8488,1,49.6513,-1.6355,4,\u0000,,CherbourgTG,Cherbourg,,Global Ocean,,land/onshore structure,,,Ifremer,540,,SHOM Service Hydrographique et Oceanographique de la Marine,
47903438,8494,TG,ConcarneauTG,http://www.emodnet-physics.eu/Map/spi.aspx?id=8494,1,47.8738,-3.9076,1,\u0000,,ConcarneauTG,Concarneau,,Global Ocean,,land/onshore structure,,,Ifremer,540,,SHOM Service Hydrographique et Oceanographique de la Marine,
52045440,8494,TG,ConcarneauTG,http://www.emodnet-physics.eu/Map/spi.aspx?id=8494,1,47.8738,-3.9076,0,\u0000,,ConcarneauTG,Concarneau,,Global Ocean,,land/onshore structure,,,Ifremer,540,,SHOM Service Hydrographique et Oceanographique de la Marine,
52531816,8494,TG,ConcarneauTG,http://www.emodnet-physics.eu/Map/spi.aspx?id=8494,1,47.8738,-3.9076,4,\u0000,,ConcarneauTG,Concarneau,,Global Ocean,,land/onshore structure,,,Ifremer,540,,SHOM Service Hydrographique et Oceanographique de la Marine,
52988689,8494,TG,ConcarneauTG,http://www.emodnet-physics.eu/Map/spi.aspx?id=8494,1,47.8738,-3.9076,3,\u0000,,ConcarneauTG,Concarneau,,Global Ocean,,land/onshore structure,,,Ifremer,540,,SHOM Service Hydrographique et Oceanographique de la Marine,
53829371,372084,TG,DeshaiesTG,http://www.emodnet-physics.eu/Map/spi.aspx?id=372084,1,16.30529,-61.79591,1,D,,DeshaiesTG,Deshaies,,Global Ocean,,land/onshore structure,,,Ifremer,540,,SHOM Service Hydrographique et Oceanographique de la Marine,
53840526,372084,TG,DeshaiesTG,http://www.emodnet-physics.eu/Map/spi.aspx?id=372084,1,16.30529,-61.79591,1,R,,DeshaiesTG,Deshaies,,Global Ocean,,land/onshore structure,,,Ifremer,540,,SHOM Service Hydrographique et Oceanographique de la Marine,
54182144,26684,TG,DieletteTG,http://www.emodnet-physics.eu/Map/spi.aspx?id=26684,1,49.5525,-1.86083,1,\u0000,,DieletteTG,Dielette,,Global Ocean,,land/onshore structure,,,Ifremer,540,,SHOM Service Hydrographique et Oceanographique de la Marine,
55539884,26684,TG,DieletteTG,http://www.emodnet-physics.eu/Map/spi.aspx?id=26684,1,49.5525,-1.86083,0,\u0000,,DieletteTG,Dielette,,Global Ocean,,land/onshore structure,,,Ifremer,540,,SHOM Service Hydrographique et Oceanographique de la Marine,
55957889,26684,TG,DieletteTG,http://www.emodnet-physics.eu/Map/spi.aspx?id=26684,1,49.5525,-1.86083,4,\u0000,,DieletteTG,Dielette,,Global Ocean,,land/onshore structure,,,Ifremer,540,,SHOM Service Hydrographique et Oceanographique de la Marine,
56310102,26684,TG,DieletteTG,http://www.emodnet-physics.eu/Map/spi.aspx?id=26684,1,49.5525,-1.86083,3,\u0000,,DieletteTG,Dielette,,Global Ocean,,land/onshore structure,,,Ifremer,540,,SHOM Service Hydrographique et Oceanographique de la Marine,
57318543,8517,TG,DieppeTG,http://www.emodnet-physics.eu/Map/spi.aspx?id=8517,1,49.93,1.085,1,\u0000,,DieppeTG,Dieppe,,Global Ocean,,land/onshore structure,,,Ifremer,540,,SHOM Service Hydrographique et Oceanographique de la Marine,
61375808,8517,TG,DieppeTG,http://www.emodnet-physics.eu/Map/spi.aspx?id=8517,1,49.93,1.085,0,\u0000,,DieppeTG,Dieppe,,Global Ocean,,land/onshore structure,,,Ifremer,540,,SHOM Service Hydrographique et Oceanographique de la Marine,
61973065,8517,TG,DieppeTG,http://www.emodnet-physics.eu/Map/spi.aspx?id=8517,1,49.93,1.085,4,\u0000,,DieppeTG,Dieppe,,Global Ocean,,land/onshore structure,,,Ifremer,540,,SHOM Service Hydrographique et Oceanographique de la Marine,
62346207,8517,TG,DieppeTG,http://www.emodnet-physics.eu/Map/spi.aspx?id=8517,1,49.93,1.085,3,\u0000,,DieppeTG,Dieppe,,Global Ocean,,land/onshore structure,,,Ifremer,540,,SHOM Service Hydrographique et Oceanographique de la Marine,
63041890,8524,TG,DunkerqueTG,http://www.emodnet-physics.eu/Map/spi.aspx?id=8524,1,51.0482,2.3665,0,\u0000,,DunkerqueTG,Dunkerque,,Global Ocean,,land/onshore structure,,,Ifremer,540,,SHOM Service Hydrographique et Oceanographique de la Marine,
63041910,8524,TG,DunkerqueTG,http://www.emodnet-physics.eu/Map/spi.aspx?id=8524,1,51.0482,2.3665,1,\u0000,,DunkerqueTG,Dunkerque,,Global Ocean,,land/onshore structure,,,Ifremer,540,,SHOM Service Hydrographique et Oceanographique de la Marine,
67183382,8524,TG,DunkerqueTG,http://www.emodnet-physics.eu/Map/spi.aspx?id=8524,1,51.0482,2.3665,4,\u0000,,DunkerqueTG,Dunkerque,,Global Ocean,,land/onshore structure,,,Ifremer,540,,SHOM Service Hydrographique et Oceanographique de la Marine,
67282042,8524,TG,DunkerqueTG,http://www.emodnet-physics.eu/Map/spi.aspx?id=8524,1,51.0482,2.3665,3,\u0000,,DunkerqueTG,Dunkerque,,Global Ocean,,land/onshore structure,,,Ifremer,540,,SHOM Service Hydrographique et Oceanographique de la Marine,
68248240,638732,TG,FatouvilleTG,http://www.emodnet-physics.eu/Map/spi.aspx?id=638732,1,49.43179,0.31596,1,\u0000,,FatouvilleTG,Fatouville,,Global Ocean,,land/onshore structure,,,Ifremer,540,,SHOM Service Hydrographique et Oceanographique de la Marine,
68248358,8566,TG,FortDeFranceTG,http://www.emodnet-physics.eu/Map/spi.aspx?id=8566,1,14.601,-61.063,1,\u0000,,FortDeFranceTG,Fort-De-France,,Global Ocean,,land/onshore structure,,,Ifremer,540,,SHOM Service Hydrographique et Oceanographique de la Marine,
71226643,8566,TG,FortDeFranceTG,http://www.emodnet-physics.eu/Map/spi.aspx?id=8566,1,14.601,-61.063,0,\u0000,,FortDeFranceTG,Fort-De-France,,Global Ocean,,land/onshore structure,,,Ifremer,540,,SHOM Service Hydrographique et Oceanographique de la Marine,
71632483,8566,TG,FortDeFranceTG,http://www.emodnet-physics.eu/Map/spi.aspx?id=8566,1,14.601,-61.063,3,\u0000,,FortDeFranceTG,Fort-De-France,,Global Ocean,,land/onshore structure,,,Ifremer,540,,SHOM Service Hydrographique et Oceanographique de la Marine,
71632489,8566,TG,FortDeFranceTG,http://www.emodnet-physics.eu/Map/spi.aspx?id=8566,1,14.601,-61.063,4,\u0000,,FortDeFranceTG,Fort-De-France,,Global Ocean,,land/onshore structure,,,Ifremer,540,,SHOM Service Hydrographique et Oceanographique de la Marine,
73030109,8567,TG,FosSurMerTG,http://www.emodnet-physics.eu/Map/spi.aspx?id=8567,1,43.40494,4.89294,1,\u0000,,FosSurMerTG,Fos-sur-Mer,,Global Ocean,,land/onshore structure,,,Ifremer,540,,SHOM Service Hydrographique et Oceanographique de la Marine,
76518194,8567,TG,FosSurMerTG,http://www.emodnet-physics.eu/Map/spi.aspx?id=8567,1,43.40494,4.89294,7,\u0000,,FosSurMerTG,Fos-sur-Mer,,Global Ocean,,land/onshore structure,,,Ifremer,540,,SHOM Service Hydrographique et Oceanographique de la Marine,
76536681,8567,TG,FosSurMerTG,http://www.emodnet-physics.eu/Map/spi.aspx?id=8567,1,43.40494,4.89294,0,\u0000,,FosSurMerTG,Fos-sur-Mer,,Global Ocean,,land/onshore structure,,,Ifremer,540,,SHOM Service Hydrographique et Oceanographique de la Marine,
77179498,8567,TG,FosSurMerTG,http://www.emodnet-physics.eu/Map/spi.aspx?id=8567,1,43.40494,4.89294,4,\u0000,,FosSurMerTG,Fos-sur-Mer,,Global Ocean,,land/onshore structure,,,Ifremer,540,,SHOM Service Hydrographique et Oceanographique de la Marine,
77193316,8567,TG,FosSurMerTG,http://www.emodnet-physics.eu/Map/spi.aspx?id=8567,1,43.40494,4.89294,3,\u0000,,FosSurMerTG,Fos-sur-Mer,,Global Ocean,,land/onshore structure,,,Ifremer,540,,SHOM Service Hydrographique et Oceanographique de la Marine,
78126121,8573,TG,GaletsTG,http://www.emodnet-physics.eu/Map/spi.aspx?id=8573,1,-20.92,55.3,1,\u0000,,GaletsTG,Galets,,Global Ocean,,land/onshore structure,,,Ifremer,540,,SHOM Service Hydrographique et Oceanographique de la Marine,
81043306,8573,TG,GaletsTG,http://www.emodnet-physics.eu/Map/spi.aspx?id=8573,1,-20.92,55.3,0,\u0000,,GaletsTG,Galets,,Global Ocean,,land/onshore structure,,,Ifremer,540,,SHOM Service Hydrographique et Oceanographique de la Marine,
81566623,8573,TG,GaletsTG,http://www.emodnet-physics.eu/Map/spi.aspx?id=8573,1,-20.92,55.3,4,\u0000,,GaletsTG,Galets,,Global Ocean,,land/onshore structure,,,Ifremer,540,,SHOM Service Hydrographique et Oceanographique de la Marine,
82019769,8573,TG,GaletsTG,http://www.emodnet-physics.eu/Map/spi.aspx?id=8573,1,-20.92,55.3,3,\u0000,,GaletsTG,Galets,,Global Ocean,,land/onshore structure,,,Ifremer,540,,SHOM Service Hydrographique et Oceanographique de la Marine,
82868888,638733,TG,HavreGPMRouenTG,http://www.emodnet-physics.eu/Map/spi.aspx?id=638733,1,49.48378,0.11458,1,\u0000,,HavreGPMRouenTG,Havre GPM Rouen,,Global Ocean,,land/onshore structure,,,Ifremer,540,,SHOM Service Hydrographique et Oceanographique de la Marine,
82869006,11354,TG,HerbaudiereTG,http://www.emodnet-physics.eu/Map/spi.aspx?id=11354,1,47.02494,-2.29831,1,\u0000,,HerbaudiereTG,Herbaudiere,,Global Ocean,,land/onshore structure,,,Ifremer,540,,SHOM Service Hydrographique et Oceanographique de la Marine,
85120140,11354,TG,HerbaudiereTG,http://www.emodnet-physics.eu/Map/spi.aspx?id=11354,1,47.02494,-2.29831,0,\u0000,,HerbaudiereTG,Herbaudiere,,Global Ocean,,land/onshore structure,,,Ifremer,540,,SHOM Service Hydrographique et Oceanographique de la Marine,
85600923,11354,TG,HerbaudiereTG,http://www.emodnet-physics.eu/Map/spi.aspx?id=11354,1,47.02494,-2.29831,4,\u0000,,HerbaudiereTG,Herbaudiere,,Global Ocean,,land/onshore structure,,,Ifremer,540,,SHOM Service Hydrographique et Oceanographique de la Marine,
85803382,11354,TG,HerbaudiereTG,http://www.emodnet-physics.eu/Map/spi.aspx?id=11354,1,47.02494,-2.29831,3,\u0000,,HerbaudiereTG,Herbaudiere,,Global Ocean,,land/onshore structure,,,Ifremer,540,,SHOM Service Hydrographique et Oceanographique de la Marine,
86912557,368640,TG,HiengheneTG,http://www.emodnet-physics.eu/Map/spi.aspx?id=368640,1,-20.69199,164.94312,1,D,,HiengheneTG,Hienghene,,Global Ocean,,land/onshore structure,,,Ifremer,540,,SHOM Service Hydrographique et Oceanographique de la Marine,
92768308,368640,TG,HiengheneTG,http://www.emodnet-physics.eu/Map/spi.aspx?id=368640,1,-20.69199,164.94312,1,R,,HiengheneTG,Hienghene,,Global Ocean,,land/onshore structure,,,Ifremer,540,,SHOM Service Hydrographique et Oceanographique de la Marine,
92916625,368640,TG,HiengheneTG,http://www.emodnet-physics.eu/Map/spi.aspx?id=368640,1,-20.69199,164.94312,0,R,,HiengheneTG,Hienghene,,Global Ocean,,land/onshore structure,,,Ifremer,540,,SHOM Service Hydrographique et Oceanographique de la Marine,
93299621,368640,TG,HiengheneTG,http://www.emodnet-physics.eu/Map/spi.aspx?id=368640,1,-20.69199,164.94312,4,R,,HiengheneTG,Hienghene,,Global Ocean,,land/onshore structure,,,Ifremer,540,,SHOM Service Hydrographique et Oceanographique de la Marine,
93301313,368640,TG,HiengheneTG,http://www.emodnet-physics.eu/Map/spi.aspx?id=368640,1,-20.69199,164.94312,3,R,,HiengheneTG,Hienghene,,Global Ocean,,land/onshore structure,,,Ifremer,540,,SHOM Service Hydrographique et Oceanographique de la Marine,
93762915,368972,TG,HivaOaTG,http://www.emodnet-physics.eu/Map/spi.aspx?id=368972,1,-9.80482,-139.03412,1,D,,HivaOaTG,Hiva Oa,,Global Ocean,,land/onshore structure,,,Ifremer,540,,SHOM Service Hydrographique et Oceanographique de la Marine,
93780785,368972,TG,HivaOaTG,http://www.emodnet-physics.eu/Map/spi.aspx?id=368972,1,-9.80482,-139.03412,1,R,,HivaOaTG,Hiva Oa,,Global Ocean,,land/onshore structure,,,Ifremer,540,,SHOM Service Hydrographique et Oceanographique de la Marine,
94105303,368972,TG,HivaOaTG,http://www.emodnet-physics.eu/Map/spi.aspx?id=368972,1,-9.80482,-139.03412,3,R,,HivaOaTG,Hiva Oa,,Global Ocean,,land/onshore structure,,,Ifremer,540,,SHOM Service Hydrographique et Oceanographique de la Marine,
94251719,638734,TG,HonfleurTG,http://www.emodnet-physics.eu/Map/spi.aspx?id=638734,1,49.42833,0.23294,1,\u0000,,HonfleurTG,Honfleur,,Global Ocean,,land/onshore structure,,,Ifremer,540,,SHOM Service Hydrographique et Oceanographique de la Marine,
94251833,372769,TG,HuahineTG,http://www.emodnet-physics.eu/Map/spi.aspx?id=372769,1,-16.72156,-151.03246,1,\u0000,,HuahineTG,Huahine,,Global Ocean,,land/onshore structure,,,Ifremer,540,,SHOM Service Hydrographique et Oceanographique de la Marine,
94320201,372769,TG,HuahineTG,http://www.emodnet-physics.eu/Map/spi.aspx?id=372769,1,-16.72156,-151.03246,3,\u0000,,HuahineTG,Huahine,,Global Ocean,,land/onshore structure,,,Ifremer,540,,SHOM Service Hydrographique et Oceanographique de la Marine,
94443730,8654,TG,IleDAixTG,http://www.emodnet-physics.eu/Map/spi.aspx?id=8654,1,46.00736,-1.17434,1,\u0000,,IleDAixTG,Ile D Aix,,Global Ocean,,land/onshore structure,,,Ifremer,540,,SHOM Service Hydrographique et Oceanographique de la Marine,
96446564,8654,TG,IleDAixTG,http://www.emodnet-physics.eu/Map/spi.aspx?id=8654,1,46.00736,-1.17434,0,\u0000,,IleDAixTG,Ile D Aix,,Global Ocean,,land/onshore structure,,,Ifremer,540,,SHOM Service Hydrographique et Oceanographique de la Marine,
96983239,8654,TG,IleDAixTG,http://www.emodnet-physics.eu/Map/spi.aspx?id=8654,1,46.00736,-1.17434,4,\u0000,,IleDAixTG,Ile D Aix,,Global Ocean,,land/onshore structure,,,Ifremer,540,,SHOM Service Hydrographique et Oceanographique de la Marine,
96996560,8654,TG,IleDAixTG,http://www.emodnet-physics.eu/Map/spi.aspx?id=8654,1,46.00736,-1.17434,3,\u0000,,IleDAixTG,Ile D Aix,,Global Ocean,,land/onshore structure,,,Ifremer,540,,SHOM Service Hydrographique et Oceanographique de la Marine,
97954809,8655,TG,IleRousseTG,http://www.emodnet-physics.eu/Map/spi.aspx?id=8655,1,42.6396,8.93524,1,\u0000,,IleRousseTG,Ile Rousse,,Global Ocean,,land/onshore structure,,,Ifremer,540,,SHOM Service Hydrographique et Oceanographique de la Marine,
99383942,8655,TG,IleRousseTG,http://www.emodnet-physics.eu/Map/spi.aspx?id=8655,1,42.6396,8.93524,0,\u0000,,IleRousseTG,Ile Rousse,,Global Ocean,,land/onshore structure,,,Ifremer,540,,SHOM Service Hydrographique et Oceanographique de la Marine,
100272384,8655,TG,IleRousseTG,http://www.emodnet-physics.eu/Map/spi.aspx?id=8655,1,42.6396,8.93524,3,\u0000,,IleRousseTG,Ile Rousse,,Global Ocean,,land/onshore structure,,,Ifremer,540,,SHOM Service Hydrographique et Oceanographique de la Marine,
100442250,8655,TG,IleRousseTG,http://www.emodnet-physics.eu/Map/spi.aspx?id=8655,1,42.6396,8.93524,4,\u0000,,IleRousseTG,Ile Rousse,,Global Ocean,,land/onshore structure,,,Ifremer,540,,SHOM Service Hydrographique et Oceanographique de la Marine,
101115072,8656,TG,IlesDuSalutTG,http://www.emodnet-physics.eu/Map/spi.aspx?id=8656,1,5.25,-52.62,1,\u0000,,IlesDuSalutTG,Iles Du Salut,,Global Ocean,,land/onshore structure,,,Ifremer,540,,SHOM Service Hydrographique et Oceanographique de la Marine,
103556540,8656,TG,IlesDuSalutTG,http://www.emodnet-physics.eu/Map/spi.aspx?id=8656,1,5.25,-52.62,7,\u0000,,IlesDuSalutTG,Iles Du Salut,,Global Ocean,,land/onshore structure,,,Ifremer,540,,SHOM Service Hydrographique et Oceanographique de la Marine,
103926230,8656,TG,IlesDuSalutTG,http://www.emodnet-physics.eu/Map/spi.aspx?id=8656,1,5.25,-52.62,0,\u0000,,IlesDuSalutTG,Iles Du Salut,,Global Ocean,,land/onshore structure,,,Ifremer,540,,SHOM Service Hydrographique et Oceanographique de la Marine,
103971039,8656,TG,IlesDuSalutTG,http://www.emodnet-physics.eu/Map/spi.aspx?id=8656,1,5.25,-52.62,3,\u0000,,IlesDuSalutTG,Iles Du Salut,,Global Ocean,,land/onshore structure,,,Ifremer,540,,SHOM Service Hydrographique et Oceanographique de la Marine,
103971045,8656,TG,IlesDuSalutTG,http://www.emodnet-physics.eu/Map/spi.aspx?id=8656,1,5.25,-52.62,4,\u0000,,IlesDuSalutTG,Iles Du Salut,,Global Ocean,,land/onshore structure,,,Ifremer,540,,SHOM Service Hydrographique et Oceanographique de la Marine,
105019219,368973,TG,KerguelenTG,http://www.emodnet-physics.eu/Map/spi.aspx?id=368973,1,-49.35212,70.2191,1,\u0000,,KerguelenTG,Kerguelen,,Global Ocean,,land/onshore structure,,,Ifremer,540,,SHOM Service Hydrographique et Oceanographique de la Marine,
105392871,368973,TG,KerguelenTG,http://www.emodnet-physics.eu/Map/spi.aspx?id=368973,1,-49.35212,70.2191,3,\u0000,,KerguelenTG,Kerguelen,,Global Ocean,,land/onshore structure,,,Ifremer,540,,SHOM Service Hydrographique et Oceanographique de la Marine,
105556050,368973,TG,KerguelenTG,http://www.emodnet-physics.eu/Map/spi.aspx?id=368973,1,-49.35212,70.2191,0,\u0000,,KerguelenTG,Kerguelen,,Global Ocean,,land/onshore structure,,,Ifremer,540,,SHOM Service Hydrographique et Oceanographique de la Marine,
105825089,368973,TG,KerguelenTG,http://www.emodnet-physics.eu/Map/spi.aspx?id=368973,1,-49.35212,70.2191,4,\u0000,,KerguelenTG,Kerguelen,,Global Ocean,,land/onshore structure,,,Ifremer,540,,SHOM Service Hydrographique et Oceanographique de la Marine,
106346950,368976,TG,LaDesiradeTG,http://www.emodnet-physics.eu/Map/spi.aspx?id=368976,1,16.30289,-61.07248,1,D,,LaDesiradeTG,La Desirade,,Global Ocean,,land/onshore structure,,,Ifremer,540,,SHOM Service Hydrographique et Oceanographique de la Marine,
107075743,368976,TG,LaDesiradeTG,http://www.emodnet-physics.eu/Map/spi.aspx?id=368976,1,16.30289,-61.07248,1,R,,LaDesiradeTG,La Desirade,,Global Ocean,,land/onshore structure,,,Ifremer,540,,SHOM Service Hydrographique et Oceanographique de la Marine,
107473632,8706,TG,LaFigueiretteTG,http://www.emodnet-physics.eu/Map/spi.aspx?id=8706,1,43.48353,6.93377,1,\u0000,,LaFigueiretteTG,La Figueirette,,Global Ocean,,land/onshore structure,,,Ifremer,540,,SHOM Service Hydrographique et Oceanographique de la Marine,
111038713,8706,TG,LaFigueiretteTG,http://www.emodnet-physics.eu/Map/spi.aspx?id=8706,1,43.48353,6.93377,0,\u0000,,LaFigueiretteTG,La Figueirette,,Global Ocean,,land/onshore structure,,,Ifremer,540,,SHOM Service Hydrographique et Oceanographique de la Marine,
111499166,8706,TG,LaFigueiretteTG,http://www.emodnet-physics.eu/Map/spi.aspx?id=8706,1,43.48353,6.93377,4,\u0000,,LaFigueiretteTG,La Figueirette,,Global Ocean,,land/onshore structure,,,Ifremer,540,,SHOM Service Hydrographique et Oceanographique de la Marine,
111653734,8706,TG,LaFigueiretteTG,http://www.emodnet-physics.eu/Map/spi.aspx?id=8706,1,43.48353,6.93377,3,\u0000,,LaFigueiretteTG,La Figueirette,,Global Ocean,,land/onshore structure,,,Ifremer,540,,SHOM Service Hydrographique et Oceanographique de la Marine,
112589057,8710,TG,LaRochelleTG,http://www.emodnet-physics.eu/Map/spi.aspx?id=8710,1,46.1487,-1.2259,1,\u0000,,LaRochelleTG,La Rochelle,,Global Ocean,,land/onshore structure,,,Ifremer,540,,SHOM Service Hydrographique et Oceanographique de la Marine,
116497763,8710,TG,LaRochelleTG,http://www.emodnet-physics.eu/Map/spi.aspx?id=8710,1,46.1487,-1.2259,0,\u0000,,LaRochelleTG,La Rochelle,,Global Ocean,,land/onshore structure,,,Ifremer,540,,SHOM Service Hydrographique et Oceanographique de la Marine,
117001856,8710,TG,LaRochelleTG,http://www.emodnet-physics.eu/Map/spi.aspx?id=8710,1,46.1487,-1.2259,4,\u0000,,LaRochelleTG,La Rochelle,,Global Ocean,,land/onshore structure,,,Ifremer,540,,SHOM Service Hydrographique et Oceanographique de la Marine,
117152781,8710,TG,LaRochelleTG,http://www.emodnet-physics.eu/Map/spi.aspx?id=8710,1,46.1487,-1.2259,3,\u0000,,LaRochelleTG,La Rochelle,,Global Ocean,,land/onshore structure,,,Ifremer,540,,SHOM Service Hydrographique et Oceanographique de la Marine,
118286814,368616,TG,LeavaTG,http://www.emodnet-physics.eu/Map/spi.aspx?id=368616,1,-14.29602,-178.16023,1,\u0000,,LeavaTG,Leava,,Global Ocean,,land/onshore structure,,,Ifremer,540,,SHOM Service Hydrographique et Oceanographique de la Marine,
122917810,368616,TG,LeavaTG,http://www.emodnet-physics.eu/Map/spi.aspx?id=368616,1,-14.29602,-178.16023,0,\u0000,,LeavaTG,Leava,,Global Ocean,,land/onshore structure,,,Ifremer,540,,SHOM Service Hydrographique et Oceanographique de la Marine,
123372061,368616,TG,LeavaTG,http://www.emodnet-physics.eu/Map/spi.aspx?id=368616,1,-14.29602,-178.16023,4,\u0000,,LeavaTG,Leava,,Global Ocean,,land/onshore structure,,,Ifremer,540,,SHOM Service Hydrographique et Oceanographique de la Marine,
123824780,368616,TG,LeavaTG,http://www.emodnet-physics.eu/Map/spi.aspx?id=368616,1,-14.29602,-178.16023,3,\u0000,,LeavaTG,Leava,,Global Ocean,,land/onshore structure,,,Ifremer,540,,SHOM Service Hydrographique et Oceanographique de la Marine,
124676658,8713,TG,LeConquetTG,http://www.emodnet-physics.eu/Map/spi.aspx?id=8713,1,48.3593,-4.7809,1,\u0000,,LeConquetTG,Le Conquet,,Global Ocean,,land/onshore structure,,,Ifremer,540,,SHOM Service Hydrographique et Oceanographique de la Marine,
126756950,8713,TG,LeConquetTG,http://www.emodnet-physics.eu/Map/spi.aspx?id=8713,1,48.3593,-4.7809,0,\u0000,,LeConquetTG,Le Conquet,,Global Ocean,,land/onshore structure,,,Ifremer,540,,SHOM Service Hydrographique et Oceanographique de la Marine,
127190937,8713,TG,LeConquetTG,http://www.emodnet-physics.eu/Map/spi.aspx?id=8713,1,48.3593,-4.7809,4,\u0000,,LeConquetTG,Le Conquet,,Global Ocean,,land/onshore structure,,,Ifremer,540,,SHOM Service Hydrographique et Oceanographique de la Marine,
127738130,8713,TG,LeConquetTG,http://www.emodnet-physics.eu/Map/spi.aspx?id=8713,1,48.3593,-4.7809,3,\u0000,,LeConquetTG,Le Conquet,,Global Ocean,,land/onshore structure,,,Ifremer,540,,SHOM Service Hydrographique et Oceanographique de la Marine,
128562405,8714,TG,LeCrouestyTG,http://www.emodnet-physics.eu/Map/spi.aspx?id=8714,1,47.5429,-2.8954,1,\u0000,,LeCrouestyTG,Le Crouesty,,Global Ocean,,land/onshore structure,,,Ifremer,540,,SHOM Service Hydrographique et Oceanographique de la Marine,
129057867,8714,TG,LeCrouestyTG,http://www.emodnet-physics.eu/Map/spi.aspx?id=8714,1,47.5429,-2.8954,0,\u0000,,LeCrouestyTG,Le Crouesty,,Global Ocean,,land/onshore structure,,,Ifremer,540,,SHOM Service Hydrographique et Oceanographique de la Marine,
129890764,8714,TG,LeCrouestyTG,http://www.emodnet-physics.eu/Map/spi.aspx?id=8714,1,47.5429,-2.8954,4,\u0000,,LeCrouestyTG,Le Crouesty,,Global Ocean,,land/onshore structure,,,Ifremer,540,,SHOM Service Hydrographique et Oceanographique de la Marine,
130028067,8714,TG,LeCrouestyTG,http://www.emodnet-physics.eu/Map/spi.aspx?id=8714,1,47.5429,-2.8954,3,\u0000,,LeCrouestyTG,Le Crouesty,,Global Ocean,,land/onshore structure,,,Ifremer,540,,SHOM Service Hydrographique et Oceanographique de la Marine,
130874777,8715,TG,LeHavreTG,http://www.emodnet-physics.eu/Map/spi.aspx?id=8715,1,49.4816,0.1056,1,\u0000,,LeHavreTG,Le Havre,,Global Ocean,,land/onshore structure,,,Ifremer,540,,SHOM Service Hydrographique et Oceanographique de la Marine,
135217737,8715,TG,LeHavreTG,http://www.emodnet-physics.eu/Map/spi.aspx?id=8715,1,49.4816,0.1056,0,\u0000,,LeHavreTG,Le Havre,,Global Ocean,,land/onshore structure,,,Ifremer,540,,SHOM Service Hydrographique et Oceanographique de la Marine,
135630081,8715,TG,LeHavreTG,http://www.emodnet-physics.eu/Map/spi.aspx?id=8715,1,49.4816,0.1056,4,\u0000,,LeHavreTG,Le Havre,,Global Ocean,,land/onshore structure,,,Ifremer,540,,SHOM Service Hydrographique et Oceanographique de la Marine,
136132882,8715,TG,LeHavreTG,http://www.emodnet-physics.eu/Map/spi.aspx?id=8715,1,49.4816,0.1056,3,\u0000,,LeHavreTG,Le Havre,,Global Ocean,,land/onshore structure,,,Ifremer,540,,SHOM Service Hydrographique et Oceanographique de la Marine,
136954847,372351,TG,LePrecheurTG,http://www.emodnet-physics.eu/Map/spi.aspx?id=372351,1,14.80758,-61.22658,1,\u0000,,LePrecheurTG,Le Precheur,,Global Ocean,,land/onshore structure,,,Ifremer,540,,SHOM Service Hydrographique et Oceanographique de la Marine,
136964733,8721,TG,LesSablesDOlonneTG,http://www.emodnet-physics.eu/Map/spi.aspx?id=8721,1,46.4975,-1.7938,1,\u0000,,LesSablesDOlonneTG,Sables D Olonne,,Global Ocean,,land/onshore structure,,,Ifremer,540,,SHOM Service Hydrographique et Oceanographique de la Marine,
137464762,8721,TG,LesSablesDOlonneTG,http://www.emodnet-physics.eu/Map/spi.aspx?id=8721,1,46.4975,-1.7938,0,\u0000,,LesSablesDOlonneTG,Sables D Olonne,,Global Ocean,,land/onshore structure,,,Ifremer,540,,SHOM Service Hydrographique et Oceanographique de la Marine,
137892489,8721,TG,LesSablesDOlonneTG,http://www.emodnet-physics.eu/Map/spi.aspx?id=8721,1,46.4975,-1.7938,3,\u0000,,LesSablesDOlonneTG,Sables D Olonne,,Global Ocean,,land/onshore structure,,,Ifremer,540,,SHOM Service Hydrographique et Oceanographique de la Marine,
137914208,8721,TG,LesSablesDOlonneTG,http://www.emodnet-physics.eu/Map/spi.aspx?id=8721,1,46.4975,-1.7938,4,\u0000,,LesSablesDOlonneTG,Sables D Olonne,,Global Ocean,,land/onshore structure,,,Ifremer,540,,SHOM Service Hydrographique et Oceanographique de la Marine,
139292233,368619,TG,LifouTG,http://www.emodnet-physics.eu/Map/spi.aspx?id=368619,1,-20.91847,167.27869,1,\u0000,,LifouTG,Lifou,,Global Ocean,,land/onshore structure,,,Ifremer,540,,SHOM Service Hydrographique et Oceanographique de la Marine,
145105976,368619,TG,LifouTG,http://www.emodnet-physics.eu/Map/spi.aspx?id=368619,1,-20.91847,167.27869,0,\u0000,,LifouTG,Lifou,,Global Ocean,,land/onshore structure,,,Ifremer,540,,SHOM Service Hydrographique et Oceanographique de la Marine,
145547900,368619,TG,LifouTG,http://www.emodnet-physics.eu/Map/spi.aspx?id=368619,1,-20.91847,167.27869,4,\u0000,,LifouTG,Lifou,,Global Ocean,,land/onshore structure,,,Ifremer,540,,SHOM Service Hydrographique et Oceanographique de la Marine,
145796375,368619,TG,LifouTG,http://www.emodnet-physics.eu/Map/spi.aspx?id=368619,1,-20.91847,167.27869,3,\u0000,,LifouTG,Lifou,,Global Ocean,,land/onshore structure,,,Ifremer,540,,SHOM Service Hydrographique et Oceanographique de la Marine,
146857711,368978,TG,MakemoTG,http://www.emodnet-physics.eu/Map/spi.aspx?id=368978,1,-16.627,-143.56921,7,\u0000,,MakemoTG,Makemo,,Global Ocean,,land/onshore structure,,,Ifremer,540,,SHOM Service Hydrographique et Oceanographique de la Marine,
146857712,368978,TG,MakemoTG,http://www.emodnet-physics.eu/Map/spi.aspx?id=368978,1,-16.627,-143.56921,1,\u0000,,MakemoTG,Makemo,,Global Ocean,,land/onshore structure,,,Ifremer,540,,SHOM Service Hydrographique et Oceanographique de la Marine,
146918526,368620,TG,MareTG,http://www.emodnet-physics.eu/Map/spi.aspx?id=368620,1,-21.5478,167.8771,1,D,,MareTG,Mare,,Global Ocean,,land/onshore structure,,,Ifremer,540,,SHOM Service Hydrographique et Oceanographique de la Marine,
151819672,368620,TG,MareTG,http://www.emodnet-physics.eu/Map/spi.aspx?id=368620,1,-21.5478,167.8771,1,R,,MareTG,Mare,,Global Ocean,,land/onshore structure,,,Ifremer,540,,SHOM Service Hydrographique et Oceanographique de la Marine,
151966005,368620,TG,MareTG,http://www.emodnet-physics.eu/Map/spi.aspx?id=368620,1,-21.5478,167.8771,0,R,,MareTG,Mare,,Global Ocean,,land/onshore structure,,,Ifremer,540,,SHOM Service Hydrographique et Oceanographique de la Marine,
152344488,368620,TG,MareTG,http://www.emodnet-physics.eu/Map/spi.aspx?id=368620,1,-21.5478,167.8771,3,R,,MareTG,Mare,,Global Ocean,,land/onshore structure,,,Ifremer,540,,SHOM Service Hydrographique et Oceanographique de la Marine,
152437255,368620,TG,MareTG,http://www.emodnet-physics.eu/Map/spi.aspx?id=368620,1,-21.5478,167.8771,4,R,,MareTG,Mare,,Global Ocean,,land/onshore structure,,,Ifremer,540,,SHOM Service Hydrographique et Oceanographique de la Marine,
153011927,8745,TG,MarseilleTG,http://www.emodnet-physics.eu/Map/spi.aspx?id=8745,1,43.2785,5.3537,1,\u0000,,MarseilleTG,Marseille,,Global Ocean,,land/onshore structure,,,Ifremer,540,,SHOM Service Hydrographique et Oceanographique de la Marine,
154058606,8745,TG,MarseilleTG,http://www.emodnet-physics.eu/Map/spi.aspx?id=8745,1,43.2785,5.3537,0,\u0000,,MarseilleTG,Marseille,,Global Ocean,,land/onshore structure,,,Ifremer,540,,SHOM Service Hydrographique et Oceanographique de la Marine,
154255993,8745,TG,MarseilleTG,http://www.emodnet-physics.eu/Map/spi.aspx?id=8745,1,43.2785,5.3537,4,\u0000,,MarseilleTG,Marseille,,Global Ocean,,land/onshore structure,,,Ifremer,540,,SHOM Service Hydrographique et Oceanographique de la Marine,
154256899,368623,TG,MataUtuTG,http://www.emodnet-physics.eu/Map/spi.aspx?id=368623,1,-13.28466,-176.1685,1,\u0000,,MataUtuTG,Mata Utu,,Global Ocean,,land/onshore structure,,,Ifremer,540,,SHOM Service Hydrographique et Oceanographique de la Marine,
157532128,368623,TG,MataUtuTG,http://www.emodnet-physics.eu/Map/spi.aspx?id=368623,1,-13.28466,-176.1685,0,\u0000,,MataUtuTG,Mata Utu,,Global Ocean,,land/onshore structure,,,Ifremer,540,,SHOM Service Hydrographique et Oceanographique de la Marine,
157918787,368623,TG,MataUtuTG,http://www.emodnet-physics.eu/Map/spi.aspx?id=368623,1,-13.28466,-176.1685,4,\u0000,,MataUtuTG,Mata Utu,,Global Ocean,,land/onshore structure,,,Ifremer,540,,SHOM Service Hydrographique et Oceanographique de la Marine,
158033597,368623,TG,MataUtuTG,http://www.emodnet-physics.eu/Map/spi.aspx?id=368623,1,-13.28466,-176.1685,3,\u0000,,MataUtuTG,Mata Utu,,Global Ocean,,land/onshore structure,,,Ifremer,540,,SHOM Service Hydrographique et Oceanographique de la Marine,
159310810,8748,TG,MayotteTG,http://www.emodnet-physics.eu/Map/spi.aspx?id=8748,1,-12.78333,45.2583,1,\u0000,,MayotteTG,Mayotte,,Global Ocean,,land/onshore structure,,,Ifremer,540,,SHOM Service Hydrographique et Oceanographique de la Marine,
163337499,8748,TG,MayotteTG,http://www.emodnet-physics.eu/Map/spi.aspx?id=8748,1,-12.78333,45.2583,0,\u0000,,MayotteTG,Mayotte,,Global Ocean,,land/onshore structure,,,Ifremer,540,,SHOM Service Hydrographique et Oceanographique de la Marine,
163696401,8748,TG,MayotteTG,http://www.emodnet-physics.eu/Map/spi.aspx?id=8748,1,-12.78333,45.2583,4,\u0000,,MayotteTG,Mayotte,,Global Ocean,,land/onshore structure,,,Ifremer,540,,SHOM Service Hydrographique et Oceanographique de la Marine,
164139992,8748,TG,MayotteTG,http://www.emodnet-physics.eu/Map/spi.aspx?id=8748,1,-12.78333,45.2583,3,\u0000,,MayotteTG,Mayotte,,Global Ocean,,land/onshore structure,,,Ifremer,540,,SHOM Service Hydrographique et Oceanographique de la Marine,
164658813,11346,TG,MimizanTG,http://www.emodnet-physics.eu/Map/spi.aspx?id=11346,1,44.21068,-1.29512,1,\u0000,,MimizanTG,Mimizan,,Global Ocean,,land/onshore structure,,,Ifremer,540,,SHOM Service Hydrographique et Oceanographique de la Marine,
165385892,11346,TG,MimizanTG,http://www.emodnet-physics.eu/Map/spi.aspx?id=11346,1,44.21068,-1.29512,0,\u0000,,MimizanTG,Mimizan,,Global Ocean,,land/onshore structure,,,Ifremer,540,,SHOM Service Hydrographique et Oceanographique de la Marine,
165792270,11346,TG,MimizanTG,http://www.emodnet-physics.eu/Map/spi.aspx?id=11346,1,44.21068,-1.29512,3,\u0000,,MimizanTG,Mimizan,,Global Ocean,,land/onshore structure,,,Ifremer,540,,SHOM Service Hydrographique et Oceanographique de la Marine,
165792276,11346,TG,MimizanTG,http://www.emodnet-physics.eu/Map/spi.aspx?id=11346,1,44.21068,-1.29512,4,\u0000,,MimizanTG,Mimizan,,Global Ocean,,land/onshore structure,,,Ifremer,540,,SHOM Service Hydrographique et Oceanographique de la Marine,
167191930,8763,TG,MonacoTG,http://www.emodnet-physics.eu/Map/spi.aspx?id=8763,1,43.733,7.4237,1,\u0000,,MonacoTG,Monaco,,Global Ocean,,land/onshore structure,,,Ifremer,540,,SHOM Service Hydrographique et Oceanographique de la Marine,
170182441,8763,TG,MonacoTG,http://www.emodnet-physics.eu/Map/spi.aspx?id=8763,1,43.733,7.4237,0,\u0000,,MonacoTG,Monaco,,Global Ocean,,land/onshore structure,,,Ifremer,540,,SHOM Service Hydrographique et Oceanographique de la Marine,
170594760,8763,TG,MonacoTG,http://www.emodnet-physics.eu/Map/spi.aspx?id=8763,1,43.733,7.4237,4,\u0000,,MonacoTG,Monaco,,Global Ocean,,land/onshore structure,,,Ifremer,540,,SHOM Service Hydrographique et Oceanographique de la Marine,
171146810,8763,TG,MonacoTG,http://www.emodnet-physics.eu/Map/spi.aspx?id=8763,1,43.733,7.4237,3,\u0000,,MonacoTG,Monaco,,Global Ocean,,land/onshore structure,,,Ifremer,540,,SHOM Service Hydrographique et Oceanographique de la Marine,
171997134,8785,TG,NiceTG,http://www.emodnet-physics.eu/Map/spi.aspx?id=8785,1,43.6956,7.2855,1,\u0000,,NiceTG,Nice,,Global Ocean,,land/onshore structure,,,Ifremer,540,,SHOM Service Hydrographique et Oceanographique de la Marine,
172454310,8785,TG,NiceTG,http://www.emodnet-physics.eu/Map/spi.aspx?id=8785,1,43.6956,7.2855,0,\u0000,,NiceTG,Nice,,Global Ocean,,land/onshore structure,,,Ifremer,540,,SHOM Service Hydrographique et Oceanographique de la Marine,
172833525,8785,TG,NiceTG,http://www.emodnet-physics.eu/Map/spi.aspx?id=8785,1,43.6956,7.2855,4,\u0000,,NiceTG,Nice,,Global Ocean,,land/onshore structure,,,Ifremer,540,,SHOM Service Hydrographique et Oceanographique de la Marine,
173038583,8785,TG,NiceTG,http://www.emodnet-physics.eu/Map/spi.aspx?id=8785,1,43.6956,7.2855,3,\u0000,,NiceTG,Nice,,Global Ocean,,land/onshore structure,,,Ifremer,540,,SHOM Service Hydrographique et Oceanographique de la Marine,
174233108,8796,TG,NoumeaNumboTG,http://www.emodnet-physics.eu/Map/spi.aspx?id=8796,1,-22.2421,166.4162,1,\u0000,,NoumeaNumboTG,Noumea-Numbo,,Global Ocean,,land/onshore structure,,,Ifremer,540,,SHOM Service Hydrographique et Oceanographique de la Marine,
174794113,8796,TG,NoumeaNumboTG,http://www.emodnet-physics.eu/Map/spi.aspx?id=8796,1,-22.2421,166.4162,0,\u0000,,NoumeaNumboTG,Noumea-Numbo,,Global Ocean,,land/onshore structure,,,Ifremer,540,,SHOM Service Hydrographique et Oceanographique de la Marine,
175208933,8796,TG,NoumeaNumboTG,http://www.emodnet-physics.eu/Map/spi.aspx?id=8796,1,-22.2421,166.4162,4,\u0000,,NoumeaNumboTG,Noumea-Numbo,,Global Ocean,,land/onshore structure,,,Ifremer,540,,SHOM Service Hydrographique et Oceanographique de la Marine,
175763894,8796,TG,NoumeaNumboTG,http://www.emodnet-physics.eu/Map/spi.aspx?id=8796,1,-22.2421,166.4162,3,\u0000,,NoumeaNumboTG,Noumea-Numbo,,Global Ocean,,land/onshore structure,,,Ifremer,540,,SHOM Service Hydrographique et Oceanographique de la Marine,
176541712,368979,TG,NukuHivaTG,http://www.emodnet-physics.eu/Map/spi.aspx?id=368979,1,-8.9149,-140.09596,1,\u0000,,NukuHivaTG,Nuku Hiva,,Global Ocean,,land/onshore structure,,,Ifremer,540,,SHOM Service Hydrographique et Oceanographique de la Marine,
178436379,368979,TG,NukuHivaTG,http://www.emodnet-physics.eu/Map/spi.aspx?id=368979,1,-8.9149,-140.09596,3,\u0000,,NukuHivaTG,Nuku Hiva,,Global Ocean,,land/onshore structure,,,Ifremer,540,,SHOM Service Hydrographique et Oceanographique de la Marine,
178742463,368979,TG,NukuHivaTG,http://www.emodnet-physics.eu/Map/spi.aspx?id=368979,1,-8.9149,-140.09596,4,\u0000,,NukuHivaTG,Nuku Hiva,,Global Ocean,,land/onshore structure,,,Ifremer,540,,SHOM Service Hydrographique et Oceanographique de la Marine,
178890830,368979,TG,NukuHivaTG,http://www.emodnet-physics.eu/Map/spi.aspx?id=368979,1,-8.9149,-140.09596,0,\u0000,,NukuHivaTG,Nuku Hiva,,Global Ocean,,land/onshore structure,,,Ifremer,540,,SHOM Service Hydrographique et Oceanographique de la Marine,
179250716,368630,TG,OuinneTG,http://www.emodnet-physics.eu/Map/spi.aspx?id=368630,1,-21.98288,166.68327,1,\u0000,,OuinneTG,Ouinne,,Global Ocean,,land/onshore structure,,,Ifremer,540,,SHOM Service Hydrographique et Oceanographique de la Marine,
179280885,368630,TG,OuinneTG,http://www.emodnet-physics.eu/Map/spi.aspx?id=368630,1,-21.98288,166.68327,4,\u0000,,OuinneTG,Ouinne,,Global Ocean,,land/onshore structure,,,Ifremer,540,,SHOM Service Hydrographique et Oceanographique de la Marine,
184798206,368630,TG,OuinneTG,http://www.emodnet-physics.eu/Map/spi.aspx?id=368630,1,-21.98288,166.68327,0,\u0000,,OuinneTG,Ouinne,,Global Ocean,,land/onshore structure,,,Ifremer,540,,SHOM Service Hydrographique et Oceanographique de la Marine,
185481427,368630,TG,OuinneTG,http://www.emodnet-physics.eu/Map/spi.aspx?id=368630,1,-21.98288,166.68327,3,\u0000,,OuinneTG,Ouinne,,Global Ocean,,land/onshore structure,,,Ifremer,540,,SHOM Service Hydrographique et Oceanographique de la Marine,
186554583,368631,TG,OuistrehamTG,http://www.emodnet-physics.eu/Map/spi.aspx?id=368631,1,49.27936,-0.24903,1,\u0000,,OuistrehamTG,Ouistreham,,Global Ocean,,land/onshore structure,,,Ifremer,540,,SHOM Service Hydrographique et Oceanographique de la Marine,
187391378,368631,TG,OuistrehamTG,http://www.emodnet-physics.eu/Map/spi.aspx?id=368631,1,49.27936,-0.24903,0,\u0000,,OuistrehamTG,Ouistreham,,Global Ocean,,land/onshore structure,,,Ifremer,540,,SHOM Service Hydrographique et Oceanographique de la Marine,
187886832,368631,TG,OuistrehamTG,http://www.emodnet-physics.eu/Map/spi.aspx?id=368631,1,49.27936,-0.24903,3,\u0000,,OuistrehamTG,Ouistreham,,Global Ocean,,land/onshore structure,,,Ifremer,540,,SHOM Service Hydrographique et Oceanographique de la Marine,
187886838,368631,TG,OuistrehamTG,http://www.emodnet-physics.eu/Map/spi.aspx?id=368631,1,49.27936,-0.24903,4,\u0000,,OuistrehamTG,Ouistreham,,Global Ocean,,land/onshore structure,,,Ifremer,540,,SHOM Service Hydrographique et Oceanographique de la Marine,
189240497,368632,TG,OuveaTG,http://www.emodnet-physics.eu/Map/spi.aspx?id=368632,1,-20.54982,166.56187,1,\u0000,,OuveaTG,Ouvea,,Global Ocean,,land/onshore structure,,,Ifremer,540,,SHOM Service Hydrographique et Oceanographique de la Marine,
190631354,368632,TG,OuveaTG,http://www.emodnet-physics.eu/Map/spi.aspx?id=368632,1,-20.54982,166.56187,0,\u0000,,OuveaTG,Ouvea,,Global Ocean,,land/onshore structure,,,Ifremer,540,,SHOM Service Hydrographique et Oceanographique de la Marine,
190812580,368632,TG,OuveaTG,http://www.emodnet-physics.eu/Map/spi.aspx?id=368632,1,-20.54982,166.56187,4,\u0000,,OuveaTG,Ouvea,,Global Ocean,,land/onshore structure,,,Ifremer,540,,SHOM Service Hydrographique et Oceanographique de la Marine,
191716490,368980,TG,PapeeteTG,http://www.emodnet-physics.eu/Map/spi.aspx?id=368980,1,-17.53308,-149.57272,1,D,,PapeeteTG,Papeete,,Global Ocean,,land/onshore structure,,,Ifremer,540,,SHOM Service Hydrographique et Oceanographique de la Marine,
191717031,368980,TG,PapeeteTG,http://www.emodnet-physics.eu/Map/spi.aspx?id=368980,1,-17.53308,-149.57272,4,D,,PapeeteTG,Papeete,,Global Ocean,,land/onshore structure,,,Ifremer,540,,SHOM Service Hydrographique et Oceanographique de la Marine,
192734409,368980,TG,PapeeteTG,http://www.emodnet-physics.eu/Map/spi.aspx?id=368980,1,-17.53308,-149.57272,1,R,,PapeeteTG,Papeete,,Global Ocean,,land/onshore structure,,,Ifremer,540,,SHOM Service Hydrographique et Oceanographique de la Marine,
192754414,8833,TG,PointeAPitreTG,http://www.emodnet-physics.eu/Map/spi.aspx?id=8833,1,16.23,-61.53,1,\u0000,,PointeAPitreTG,Pointe-A-Pitre,,Global Ocean,,land/onshore structure,,,Ifremer,540,,SHOM Service Hydrographique et Oceanographique de la Marine,
193180789,8833,TG,PointeAPitreTG,http://www.emodnet-physics.eu/Map/spi.aspx?id=8833,1,16.23,-61.53,0,\u0000,,PointeAPitreTG,Pointe-A-Pitre,,Global Ocean,,land/onshore structure,,,Ifremer,540,,SHOM Service Hydrographique et Oceanographique de la Marine,
193582779,8833,TG,PointeAPitreTG,http://www.emodnet-physics.eu/Map/spi.aspx?id=8833,1,16.23,-61.53,4,\u0000,,PointeAPitreTG,Pointe-A-Pitre,,Global Ocean,,land/onshore structure,,,Ifremer,540,,SHOM Service Hydrographique et Oceanographique de la Marine,
194148301,8833,TG,PointeAPitreTG,http://www.emodnet-physics.eu/Map/spi.aspx?id=8833,1,16.23,-61.53,3,\u0000,,PointeAPitreTG,Pointe-A-Pitre,,Global Ocean,,land/onshore structure,,,Ifremer,540,,SHOM Service Hydrographique et Oceanographique de la Marine,
194992274,8835,TG,PortBlocTG,http://www.emodnet-physics.eu/Map/spi.aspx?id=8835,1,45.5684,-1.0616,1,\u0000,,PortBlocTG,Port Bloc,,Global Ocean,,land/onshore structure,,,Ifremer,540,,SHOM Service Hydrographique et Oceanographique de la Marine,
198618679,8835,TG,PortBlocTG,http://www.emodnet-physics.eu/Map/spi.aspx?id=8835,1,45.5684,-1.0616,0,\u0000,,PortBlocTG,Port Bloc,,Global Ocean,,land/onshore structure,,,Ifremer,540,,SHOM Service Hydrographique et Oceanographique de la Marine,
199040386,8835,TG,PortBlocTG,http://www.emodnet-physics.eu/Map/spi.aspx?id=8835,1,45.5684,-1.0616,3,\u0000,,PortBlocTG,Port Bloc,,Global Ocean,,land/onshore structure,,,Ifremer,540,,SHOM Service Hydrographique et Oceanographique de la Marine,
200437993,8835,TG,PortBlocTG,http://www.emodnet-physics.eu/Map/spi.aspx?id=8835,1,45.5684,-1.0616,4,\u0000,,PortBlocTG,Port Bloc,,Global Ocean,,land/onshore structure,,,Ifremer,540,,SHOM Service Hydrographique et Oceanographique de la Marine,
200442584,368635,TG,PortFerreolTG,http://www.emodnet-physics.eu/Map/spi.aspx?id=368635,1,43.35907,6.71761,1,\u0000,,PortFerreolTG,Port Ferreol,,Global Ocean,,land/onshore structure,,,Ifremer,540,,SHOM Service Hydrographique et Oceanographique de la Marine,
203503579,368635,TG,PortFerreolTG,http://www.emodnet-physics.eu/Map/spi.aspx?id=368635,1,43.35907,6.71761,0,\u0000,,PortFerreolTG,Port Ferreol,,Global Ocean,,land/onshore structure,,,Ifremer,540,,SHOM Service Hydrographique et Oceanographique de la Marine,
203639872,368635,TG,PortFerreolTG,http://www.emodnet-physics.eu/Map/spi.aspx?id=368635,1,43.35907,6.71761,3,\u0000,,PortFerreolTG,Port Ferreol,,Global Ocean,,land/onshore structure,,,Ifremer,540,,SHOM Service Hydrographique et Oceanographique de la Marine,
203639879,368635,TG,PortFerreolTG,http://www.emodnet-physics.eu/Map/spi.aspx?id=368635,1,43.35907,6.71761,4,\u0000,,PortFerreolTG,Port Ferreol,,Global Ocean,,land/onshore structure,,,Ifremer,540,,SHOM Service Hydrographique et Oceanographique de la Marine,
204609716,368636,TG,PortLaNouvelleTG,http://www.emodnet-physics.eu/Map/spi.aspx?id=368636,1,43.01471,3.0641,1,\u0000,,PortLaNouvelleTG,Port-La-Nouvelle,,Global Ocean,,land/onshore structure,,,Ifremer,540,,SHOM Service Hydrographique et Oceanographique de la Marine,
207105772,368636,TG,PortLaNouvelleTG,http://www.emodnet-physics.eu/Map/spi.aspx?id=368636,1,43.01471,3.0641,0,\u0000,,PortLaNouvelleTG,Port-La-Nouvelle,,Global Ocean,,land/onshore structure,,,Ifremer,540,,SHOM Service Hydrographique et Oceanographique de la Marine,
207518908,368636,TG,PortLaNouvelleTG,http://www.emodnet-physics.eu/Map/spi.aspx?id=368636,1,43.01471,3.0641,4,\u0000,,PortLaNouvelleTG,Port-La-Nouvelle,,Global Ocean,,land/onshore structure,,,Ifremer,540,,SHOM Service Hydrographique et Oceanographique de la Marine,
207702005,368636,TG,PortLaNouvelleTG,http://www.emodnet-physics.eu/Map/spi.aspx?id=368636,1,43.01471,3.0641,3,\u0000,,PortLaNouvelleTG,Port-La-Nouvelle,,Global Ocean,,land/onshore structure,,,Ifremer,540,,SHOM Service Hydrographique et Oceanographique de la Marine,
208566772,8839,TG,PortTudyTG,http://www.emodnet-physics.eu/Map/spi.aspx?id=8839,1,47.6443,-3.44599,1,\u0000,,PortTudyTG,Port-Tudy,,Global Ocean,,land/onshore structure,,,Ifremer,540,,SHOM Service Hydrographique et Oceanographique de la Marine,
212164926,8839,TG,PortTudyTG,http://www.emodnet-physics.eu/Map/spi.aspx?id=8839,1,47.6443,-3.44599,0,\u0000,,PortTudyTG,Port-Tudy,,Global Ocean,,land/onshore structure,,,Ifremer,540,,SHOM Service Hydrographique et Oceanographique de la Marine,
212932914,8839,TG,PortTudyTG,http://www.emodnet-physics.eu/Map/spi.aspx?id=8839,1,47.6443,-3.44599,4,\u0000,,PortTudyTG,Port-Tudy,,Global Ocean,,land/onshore structure,,,Ifremer,540,,SHOM Service Hydrographique et Oceanographique de la Marine,
213077436,8839,TG,PortTudyTG,http://www.emodnet-physics.eu/Map/spi.aspx?id=8839,1,47.6443,-3.44599,3,\u0000,,PortTudyTG,Port-Tudy,,Global Ocean,,land/onshore structure,,,Ifremer,540,,SHOM Service Hydrographique et Oceanographique de la Marine,
213923046,8840,TG,PortVendresTG,http://www.emodnet-physics.eu/Map/spi.aspx?id=8840,1,42.5201,3.1073,1,D,,PortVendresTG,Port-Vendres,,Global Ocean,,land/onshore structure,,,Ifremer,540,,SHOM Service Hydrographique et Oceanographique de la Marine,
218296070,8840,TG,PortVendresTG,http://www.emodnet-physics.eu/Map/spi.aspx?id=8840,1,42.5201,3.1073,0,D,,PortVendresTG,Port-Vendres,,Global Ocean,,land/onshore structure,,,Ifremer,540,,SHOM Service Hydrographique et Oceanographique de la Marine,
218664621,8840,TG,PortVendresTG,http://www.emodnet-physics.eu/Map/spi.aspx?id=8840,1,42.5201,3.1073,4,D,,PortVendresTG,Port-Vendres,,Global Ocean,,land/onshore structure,,,Ifremer,540,,SHOM Service Hydrographique et Oceanographique de la Marine,
218672422,8840,TG,PortVendresTG,http://www.emodnet-physics.eu/Map/spi.aspx?id=8840,1,42.5201,3.1073,1,R,,PortVendresTG,Port-Vendres,,Global Ocean,,land/onshore structure,,,Ifremer,540,,SHOM Service Hydrographique et Oceanographique de la Marine,
218673295,8840,TG,PortVendresTG,http://www.emodnet-physics.eu/Map/spi.aspx?id=8840,1,42.5201,3.1073,4,R,,PortVendresTG,Port-Vendres,,Global Ocean,,land/onshore structure,,,Ifremer,540,,SHOM Service Hydrographique et Oceanographique de la Marine,
219169521,8840,TG,PortVendresTG,http://www.emodnet-physics.eu/Map/spi.aspx?id=8840,1,42.5201,3.1073,3,D,,PortVendresTG,Port-Vendres,,Global Ocean,,land/onshore structure,,,Ifremer,540,,SHOM Service Hydrographique et Oceanographique de la Marine,
219592253,638731,TG,RichardTG,http://www.emodnet-physics.eu/Map/spi.aspx?id=638731,1,45.45367,-0.92305,1,\u0000,,RichardTG,Richard,,Global Ocean,,land/onshore structure,,,Ifremer,540,,SHOM Service Hydrographique et Oceanographique de la Marine,
219643769,638731,TG,RichardTG,http://www.emodnet-physics.eu/Map/spi.aspx?id=638731,1,45.45367,-0.92305,0,\u0000,,RichardTG,Richard,,Global Ocean,,land/onshore structure,,,Ifremer,540,,SHOM Service Hydrographique et Oceanographique de la Marine,
219661087,638731,TG,RichardTG,http://www.emodnet-physics.eu/Map/spi.aspx?id=638731,1,45.45367,-0.92305,4,\u0000,,RichardTG,Richard,,Global Ocean,,land/onshore structure,,,Ifremer,540,,SHOM Service Hydrographique et Oceanographique de la Marine,
219774354,638731,TG,RichardTG,http://www.emodnet-physics.eu/Map/spi.aspx?id=638731,1,45.45367,-0.92305,3,\u0000,,RichardTG,Richard,,Global Ocean,,land/onshore structure,,,Ifremer,540,,SHOM Service Hydrographique et Oceanographique de la Marine,
221001537,369946,TG,RikiteaTG,http://www.emodnet-physics.eu/Map/spi.aspx?id=369946,1,-23.12227,-134.96675,1,\u0000,,RikiteaTG,Rikitea,,Global Ocean,,land/onshore structure,,,Ifremer,540,,SHOM Service Hydrographique et Oceanographique de la Marine,
221177871,369946,TG,RikiteaTG,http://www.emodnet-physics.eu/Map/spi.aspx?id=369946,1,-23.12227,-134.96675,3,\u0000,,RikiteaTG,Rikitea,,Global Ocean,,land/onshore structure,,,Ifremer,540,,SHOM Service Hydrographique et Oceanographique de la Marine,
221182344,369946,TG,RikiteaTG,http://www.emodnet-physics.eu/Map/spi.aspx?id=369946,1,-23.12227,-134.96675,4,\u0000,,RikiteaTG,Rikitea,,Global Ocean,,land/onshore structure,,,Ifremer,540,,SHOM Service Hydrographique et Oceanographique de la Marine,
221312221,368982,TG,RikiteaWharfTG,http://www.emodnet-physics.eu/Map/spi.aspx?id=368982,1,-23.1178,-134.969,1,D,,RikiteaWharfTG,Rikitea Wharf,,Global Ocean,,land/onshore structure,,,Ifremer,540,,SHOM Service Hydrographique et Oceanographique de la Marine,
223501487,368982,TG,RikiteaWharfTG,http://www.emodnet-physics.eu/Map/spi.aspx?id=368982,1,-23.1178,-134.969,1,R,,RikiteaWharfTG,Rikitea Wharf,,Global Ocean,,land/onshore structure,,,Ifremer,540,,SHOM Service Hydrographique et Oceanographique de la Marine,
223750793,368982,TG,RikiteaWharfTG,http://www.emodnet-physics.eu/Map/spi.aspx?id=368982,1,-23.1178,-134.969,4,R,,RikiteaWharfTG,Rikitea Wharf,,Global Ocean,,land/onshore structure,,,Ifremer,540,,SHOM Service Hydrographique et Oceanographique de la Marine,
224245973,8861,TG,RoscoffTG,http://www.emodnet-physics.eu/Map/spi.aspx?id=8861,1,48.7184,-3.9659,1,\u0000,,RoscoffTG,Roscoff,,Global Ocean,,land/onshore structure,,,Ifremer,540,,SHOM Service Hydrographique et Oceanographique de la Marine,
228607858,8861,TG,RoscoffTG,http://www.emodnet-physics.eu/Map/spi.aspx?id=8861,1,48.7184,-3.9659,0,\u0000,,RoscoffTG,Roscoff,,Global Ocean,,land/onshore structure,,,Ifremer,540,,SHOM Service Hydrographique et Oceanographique de la Marine,
229187161,8861,TG,RoscoffTG,http://www.emodnet-physics.eu/Map/spi.aspx?id=8861,1,48.7184,-3.9659,4,\u0000,,RoscoffTG,Roscoff,,Global Ocean,,land/onshore structure,,,Ifremer,540,,SHOM Service Hydrographique et Oceanographique de la Marine,
229525347,8861,TG,RoscoffTG,http://www.emodnet-physics.eu/Map/spi.aspx?id=8861,1,48.7184,-3.9659,3,\u0000,,RoscoffTG,Roscoff,,Global Ocean,,land/onshore structure,,,Ifremer,540,,SHOM Service Hydrographique et Oceanographique de la Marine,
230335785,25870,TG,SainteMarieTG,http://www.emodnet-physics.eu/Map/spi.aspx?id=25870,1,-20.89278,55.53694,1,D,,SainteMarieTG,Sainte Marie,,Global Ocean,,land/onshore structure,,,Ifremer,540,,SHOM Service Hydrographique et Oceanographique de la Marine,
232845037,25870,TG,SainteMarieTG,http://www.emodnet-physics.eu/Map/spi.aspx?id=25870,1,-20.89278,55.53694,1,R,,SainteMarieTG,Sainte Marie,,Global Ocean,,land/onshore structure,,,Ifremer,540,,SHOM Service Hydrographique et Oceanographique de la Marine,
232980129,25870,TG,SainteMarieTG,http://www.emodnet-physics.eu/Map/spi.aspx?id=25870,1,-20.89278,55.53694,0,R,,SainteMarieTG,Sainte Marie,,Global Ocean,,land/onshore structure,,,Ifremer,540,,SHOM Service Hydrographique et Oceanographique de la Marine,
233087555,8867,TG,SaintMaloTG,http://www.emodnet-physics.eu/Map/spi.aspx?id=8867,1,48.6411,-2.0276,1,\u0000,,SaintMaloTG,Saint-Malo,,Global Ocean,,land/onshore structure,,,Ifremer,540,,SHOM Service Hydrographique et Oceanographique de la Marine,
237590690,8867,TG,SaintMaloTG,http://www.emodnet-physics.eu/Map/spi.aspx?id=8867,1,48.6411,-2.0276,0,\u0000,,SaintMaloTG,Saint-Malo,,Global Ocean,,land/onshore structure,,,Ifremer,540,,SHOM Service Hydrographique et Oceanographique de la Marine,
238490507,8867,TG,SaintMaloTG,http://www.emodnet-physics.eu/Map/spi.aspx?id=8867,1,48.6411,-2.0276,4,\u0000,,SaintMaloTG,Saint-Malo,,Global Ocean,,land/onshore structure,,,Ifremer,540,,SHOM Service Hydrographique et Oceanographique de la Marine,
238524514,8867,TG,SaintMaloTG,http://www.emodnet-physics.eu/Map/spi.aspx?id=8867,1,48.6411,-2.0276,3,\u0000,,SaintMaloTG,Saint-Malo,,Global Ocean,,land/onshore structure,,,Ifremer,540,,SHOM Service Hydrographique et Oceanographique de la Marine,
239387030,368983,TG,SaintMartinTG,http://www.emodnet-physics.eu/Map/spi.aspx?id=368983,1,18.08333,-63.08543,1,D,,SaintMartinTG,Saint-Martin,,Global Ocean,,land/onshore structure,,,Ifremer,540,,SHOM Service Hydrographique et Oceanographique de la Marine,
240263262,368983,TG,SaintMartinTG,http://www.emodnet-physics.eu/Map/spi.aspx?id=368983,1,18.08333,-63.08543,1,R,,SaintMartinTG,Saint-Martin,,Global Ocean,,land/onshore structure,,,Ifremer,540,,SHOM Service Hydrographique et Oceanographique de la Marine,
240660912,368983,TG,SaintMartinTG,http://www.emodnet-physics.eu/Map/spi.aspx?id=368983,1,18.08333,-63.08543,3,R,,SaintMartinTG,Saint-Martin,,Global Ocean,,land/onshore structure,,,Ifremer,540,,SHOM Service Hydrographique et Oceanographique de la Marine,
240880303,8868,TG,SaintNazaireTG,http://www.emodnet-physics.eu/Map/spi.aspx?id=8868,1,47.27,-2.2,1,\u0000,,SaintNazaireTG,Saint-Nazaire,,Global Ocean,,land/onshore structure,,,Ifremer,540,,SHOM Service Hydrographique et Oceanographique de la Marine,
244957179,8868,TG,SaintNazaireTG,http://www.emodnet-physics.eu/Map/spi.aspx?id=8868,1,47.27,-2.2,0,\u0000,,SaintNazaireTG,Saint-Nazaire,,Global Ocean,,land/onshore structure,,,Ifremer,540,,SHOM Service Hydrographique et Oceanographique de la Marine,
245828552,8868,TG,SaintNazaireTG,http://www.emodnet-physics.eu/Map/spi.aspx?id=8868,1,47.27,-2.2,4,\u0000,,SaintNazaireTG,Saint-Nazaire,,Global Ocean,,land/onshore structure,,,Ifremer,540,,SHOM Service Hydrographique et Oceanographique de la Marine,
245886336,8868,TG,SaintNazaireTG,http://www.emodnet-physics.eu/Map/spi.aspx?id=8868,1,47.27,-2.2,3,\u0000,,SaintNazaireTG,Saint-Nazaire,,Global Ocean,,land/onshore structure,,,Ifremer,540,,SHOM Service Hydrographique et Oceanographique de la Marine,
246702779,368639,TG,SaintPierreEtMiquelonTG,http://www.emodnet-physics.eu/Map/spi.aspx?id=368639,1,46.77883,-56.16831,1,\u0000,,SaintPierreEtMiquelonTG,Saint-Pierre-et-Miquelon,,Global Ocean,,land/onshore structure,,,Ifremer,540,,SHOM Service Hydrographique et Oceanographique de la Marine,
249678224,368639,TG,SaintPierreEtMiquelonTG,http://www.emodnet-physics.eu/Map/spi.aspx?id=368639,1,46.77883,-56.16831,0,\u0000,,SaintPierreEtMiquelonTG,Saint-Pierre-et-Miquelon,,Global Ocean,,land/onshore structure,,,Ifremer,540,,SHOM Service Hydrographique et Oceanographique de la Marine,
249815374,368639,TG,SaintPierreEtMiquelonTG,http://www.emodnet-physics.eu/Map/spi.aspx?id=368639,1,46.77883,-56.16831,4,\u0000,,SaintPierreEtMiquelonTG,Saint-Pierre-et-Miquelon,,Global Ocean,,land/onshore structure,,,Ifremer,540,,SHOM Service Hydrographique et Oceanographique de la Marine,
249875269,368639,TG,SaintPierreEtMiquelonTG,http://www.emodnet-physics.eu/Map/spi.aspx?id=368639,1,46.77883,-56.16831,3,\u0000,,SaintPierreEtMiquelonTG,Saint-Pierre-et-Miquelon,,Global Ocean,,land/onshore structure,,,Ifremer,540,,SHOM Service Hydrographique et Oceanographique de la Marine,
250774835,372074,TG,SaintQuayPortrieuxTG,http://www.emodnet-physics.eu/Map/spi.aspx?id=372074,1,48.6475,-2.81806,1,D,,SaintQuayPortrieuxTG,Saint-Quay-Portrieux,,Global Ocean,,land/onshore structure,,,Ifremer,540,,SHOM Service Hydrographique et Oceanographique de la Marine,
251115282,372074,TG,SaintQuayPortrieuxTG,http://www.emodnet-physics.eu/Map/spi.aspx?id=372074,1,48.6475,-2.81806,1,R,,SaintQuayPortrieuxTG,Saint-Quay-Portrieux,,Global Ocean,,land/onshore structure,,,Ifremer,540,,SHOM Service Hydrographique et Oceanographique de la Marine,
251130462,372074,TG,SaintQuayPortrieuxTG,http://www.emodnet-physics.eu/Map/spi.aspx?id=372074,1,48.6475,-2.81806,0,R,,SaintQuayPortrieuxTG,Saint-Quay-Portrieux,,Global Ocean,,land/onshore structure,,,Ifremer,540,,SHOM Service Hydrographique et Oceanographique de la Marine,
251168529,372074,TG,SaintQuayPortrieuxTG,http://www.emodnet-physics.eu/Map/spi.aspx?id=372074,1,48.6475,-2.81806,3,R,,SaintQuayPortrieuxTG,Saint-Quay-Portrieux,,Global Ocean,,land/onshore structure,,,Ifremer,540,,SHOM Service Hydrographique et Oceanographique de la Marine,
251175525,372074,TG,SaintQuayPortrieuxTG,http://www.emodnet-physics.eu/Map/spi.aspx?id=372074,1,48.6475,-2.81806,4,R,,SaintQuayPortrieuxTG,Saint-Quay-Portrieux,,Global Ocean,,land/onshore structure,,,Ifremer,540,,SHOM Service Hydrographique et Oceanographique de la Marine,
251276521,372074,TG,SaintQuayPortrieuxTG,http://www.emodnet-physics.eu/Map/spi.aspx?id=372074,1,48.6475,-2.81806,3,D,,SaintQuayPortrieuxTG,Saint-Quay-Portrieux,,Global Ocean,,land/onshore structure,,,Ifremer,540,,SHOM Service Hydrographique et Oceanographique de la Marine,
251366207,372074,TG,SaintQuayPortrieuxTG,http://www.emodnet-physics.eu/Map/spi.aspx?id=372074,1,48.6475,-2.81806,4,D,,SaintQuayPortrieuxTG,Saint-Quay-Portrieux,,Global Ocean,,land/onshore structure,,,Ifremer,540,,SHOM Service Hydrographique et Oceanographique de la Marine,
251861708,8886,TG,SeteTG,http://www.emodnet-physics.eu/Map/spi.aspx?id=8886,1,43.4,3.7017,1,\u0000,,SeteTG,Sete,,Global Ocean,,land/onshore structure,,,Ifremer,540,,SHOM Service Hydrographique et Oceanographique de la Marine,
255470154,8886,TG,SeteTG,http://www.emodnet-physics.eu/Map/spi.aspx?id=8886,1,43.4,3.7017,0,\u0000,,SeteTG,Sete,,Global Ocean,,land/onshore structure,,,Ifremer,540,,SHOM Service Hydrographique et Oceanographique de la Marine,
256217600,8886,TG,SeteTG,http://www.emodnet-physics.eu/Map/spi.aspx?id=8886,1,43.4,3.7017,4,\u0000,,SeteTG,Sete,,Global Ocean,,land/onshore structure,,,Ifremer,540,,SHOM Service Hydrographique et Oceanographique de la Marine,
256460173,8886,TG,SeteTG,http://www.emodnet-physics.eu/Map/spi.aspx?id=8886,1,43.4,3.7017,3,\u0000,,SeteTG,Sete,,Global Ocean,,land/onshore structure,,,Ifremer,540,,SHOM Service Hydrographique et Oceanographique de la Marine,
257157083,8900,TG,SocoaTG,http://www.emodnet-physics.eu/Map/spi.aspx?id=8900,1,43.3984,-1.6731,1,\u0000,,SocoaTG,Saint-Jean-De-Lu,,Global Ocean,,land/onshore structure,,,Ifremer,540,,SHOM Service Hydrographique et Oceanographique de la Marine,
260775047,8900,TG,SocoaTG,http://www.emodnet-physics.eu/Map/spi.aspx?id=8900,1,43.3984,-1.6731,0,\u0000,,SocoaTG,Saint-Jean-De-Lu,,Global Ocean,,land/onshore structure,,,Ifremer,540,,SHOM Service Hydrographique et Oceanographique de la Marine,
261356238,8900,TG,SocoaTG,http://www.emodnet-physics.eu/Map/spi.aspx?id=8900,1,43.3984,-1.6731,4,\u0000,,SocoaTG,Saint-Jean-De-Lu,,Global Ocean,,land/onshore structure,,,Ifremer,540,,SHOM Service Hydrographique et Oceanographique de la Marine,
261403888,8900,TG,SocoaTG,http://www.emodnet-physics.eu/Map/spi.aspx?id=8900,1,43.3984,-1.6731,3,\u0000,,SocoaTG,Saint-Jean-De-Lu,,Global Ocean,,land/onshore structure,,,Ifremer,540,,SHOM Service Hydrographique et Oceanographique de la Marine,
262348559,8901,TG,SolenzaraTG,http://www.emodnet-physics.eu/Map/spi.aspx?id=8901,1,41.85686,9.40383,1,D,,SolenzaraTG,Solenzara,,Global Ocean,,land/onshore structure,,,Ifremer,540,,SHOM Service Hydrographique et Oceanographique de la Marine,
265722014,8901,TG,SolenzaraTG,http://www.emodnet-physics.eu/Map/spi.aspx?id=8901,1,41.85686,9.40383,7,D,,SolenzaraTG,Solenzara,,Global Ocean,,land/onshore structure,,,Ifremer,540,,SHOM Service Hydrographique et Oceanographique de la Marine,
265875531,8901,TG,SolenzaraTG,http://www.emodnet-physics.eu/Map/spi.aspx?id=8901,1,41.85686,9.40383,0,D,,SolenzaraTG,Solenzara,,Global Ocean,,land/onshore structure,,,Ifremer,540,,SHOM Service Hydrographique et Oceanographique de la Marine,
266150240,8901,TG,SolenzaraTG,http://www.emodnet-physics.eu/Map/spi.aspx?id=8901,1,41.85686,9.40383,1,R,,SolenzaraTG,Solenzara,,Global Ocean,,land/onshore structure,,,Ifremer,540,,SHOM Service Hydrographique et Oceanographique de la Marine,
266244279,8901,TG,SolenzaraTG,http://www.emodnet-physics.eu/Map/spi.aspx?id=8901,1,41.85686,9.40383,0,R,,SolenzaraTG,Solenzara,,Global Ocean,,land/onshore structure,,,Ifremer,540,,SHOM Service Hydrographique et Oceanographique de la Marine,
266261177,8901,TG,SolenzaraTG,http://www.emodnet-physics.eu/Map/spi.aspx?id=8901,1,41.85686,9.40383,3,R,,SolenzaraTG,Solenzara,,Global Ocean,,land/onshore structure,,,Ifremer,540,,SHOM Service Hydrographique et Oceanographique de la Marine,
266290472,8901,TG,SolenzaraTG,http://www.emodnet-physics.eu/Map/spi.aspx?id=8901,1,41.85686,9.40383,4,R,,SolenzaraTG,Solenzara,,Global Ocean,,land/onshore structure,,,Ifremer,540,,SHOM Service Hydrographique et Oceanographique de la Marine,
266353318,8901,TG,SolenzaraTG,http://www.emodnet-physics.eu/Map/spi.aspx?id=8901,1,41.85686,9.40383,3,D,,SolenzaraTG,Solenzara,,Global Ocean,,land/onshore structure,,,Ifremer,540,,SHOM Service Hydrographique et Oceanographique de la Marine,
266556582,8901,TG,SolenzaraTG,http://www.emodnet-physics.eu/Map/spi.aspx?id=8901,1,41.85686,9.40383,4,D,,SolenzaraTG,Solenzara,,Global Ocean,,land/onshore structure,,,Ifremer,540,,SHOM Service Hydrographique et Oceanographique de la Marine,
266904056,368642,TG,ThioTG,http://www.emodnet-physics.eu/Map/spi.aspx?id=368642,1,-21.61381,166.24153,1,\u0000,,ThioTG,Thio,,Global Ocean,,land/onshore structure,,,Ifremer,540,,SHOM Service Hydrographique et Oceanographique de la Marine,
268410400,368642,TG,ThioTG,http://www.emodnet-physics.eu/Map/spi.aspx?id=368642,1,-21.61381,166.24153,0,\u0000,,ThioTG,Thio,,Global Ocean,,land/onshore structure,,,Ifremer,540,,SHOM Service Hydrographique et Oceanographique de la Marine,
268942411,368642,TG,ThioTG,http://www.emodnet-physics.eu/Map/spi.aspx?id=368642,1,-21.61381,166.24153,4,\u0000,,ThioTG,Thio,,Global Ocean,,land/onshore structure,,,Ifremer,540,,SHOM Service Hydrographique et Oceanographique de la Marine,
269156061,368642,TG,ThioTG,http://www.emodnet-physics.eu/Map/spi.aspx?id=368642,1,-21.61381,166.24153,3,\u0000,,ThioTG,Thio,,Global Ocean,,land/onshore structure,,,Ifremer,540,,SHOM Service Hydrographique et Oceanographique de la Marine,
270225196,8985,TG,ToulonTG,http://www.emodnet-physics.eu/Map/spi.aspx?id=8985,1,43.1228,5.9146,1,\u0000,,ToulonTG,Toulon,,Global Ocean,,land/onshore structure,,,Ifremer,540,,SHOM Service Hydrographique et Oceanographique de la Marine,
270361928,8985,TG,ToulonTG,http://www.emodnet-physics.eu/Map/spi.aspx?id=8985,1,43.1228,5.9146,0,\u0000,,ToulonTG,Toulon,,Global Ocean,,land/onshore structure,,,Ifremer,540,,SHOM Service Hydrographique et Oceanographique de la Marine,
270904575,8985,TG,ToulonTG,http://www.emodnet-physics.eu/Map/spi.aspx?id=8985,1,43.1228,5.9146,3,\u0000,,ToulonTG,Toulon,,Global Ocean,,land/onshore structure,,,Ifremer,540,,SHOM Service Hydrographique et Oceanographique de la Marine,
271022804,8985,TG,ToulonTG,http://www.emodnet-physics.eu/Map/spi.aspx?id=8985,1,43.1228,5.9146,4,\u0000,,ToulonTG,Toulon,,Global Ocean,,land/onshore structure,,,Ifremer,540,,SHOM Service Hydrographique et Oceanographique de la Marine,
271731957,371433,TG,TubuaiTG,http://www.emodnet-physics.eu/Map/spi.aspx?id=371433,1,-23.34177,-149.47554,1,\u0000,,TubuaiTG,Tubuai,,Global Ocean,,land/onshore structure,,,Ifremer,540,,SHOM Service Hydrographique et Oceanographique de la Marine,
273695246,371433,TG,TubuaiTG,http://www.emodnet-physics.eu/Map/spi.aspx?id=371433,1,-23.34177,-149.47554,4,\u0000,,TubuaiTG,Tubuai,,Global Ocean,,land/onshore structure,,,Ifremer,540,,SHOM Service Hydrographique et Oceanographique de la Marine,
273814099,371433,TG,TubuaiTG,http://www.emodnet-physics.eu/Map/spi.aspx?id=371433,1,-23.34177,-149.47554,3,\u0000,,TubuaiTG,Tubuai,,Global Ocean,,land/onshore structure,,,Ifremer,540,,SHOM Service Hydrographique et Oceanographique de la Marine,
274077516,371433,TG,TubuaiTG,http://www.emodnet-physics.eu/Map/spi.aspx?id=371433,1,-23.34177,-149.47554,0,\u0000,,TubuaiTG,Tubuai,,Global Ocean,,land/onshore structure,,,Ifremer,540,,SHOM Service Hydrographique et Oceanographique de la Marine,
274439539,368984,TG,VairaoTG,http://www.emodnet-physics.eu/Map/spi.aspx?id=368984,1,-17.8059,-149.295,1,\u0000,,VairaoTG,Vairao,,Global Ocean,,land/onshore structure,,,Ifremer,540,,SHOM Service Hydrographique et Oceanographique de la Marine,
